@comment $NetBSD: PLIST,v 1.1.1.1 2006/10/12 20:51:15 minskim Exp $
${RUBY_SITELIBDIR}/tzinfo.rb
${RUBY_SITELIBDIR}/tzinfo/country.rb
${RUBY_SITELIBDIR}/tzinfo/country_index_definition.rb
${RUBY_SITELIBDIR}/tzinfo/country_info.rb
${RUBY_SITELIBDIR}/tzinfo/country_timezone.rb
${RUBY_SITELIBDIR}/tzinfo/data_timezone.rb
${RUBY_SITELIBDIR}/tzinfo/data_timezone_info.rb
${RUBY_SITELIBDIR}/tzinfo/definitions/Africa/Abidjan.rb
${RUBY_SITELIBDIR}/tzinfo/definitions/Africa/Accra.rb
${RUBY_SITELIBDIR}/tzinfo/definitions/Africa/Addis_Ababa.rb
${RUBY_SITELIBDIR}/tzinfo/definitions/Africa/Algiers.rb
${RUBY_SITELIBDIR}/tzinfo/definitions/Africa/Asmera.rb
${RUBY_SITELIBDIR}/tzinfo/definitions/Africa/Bamako.rb
${RUBY_SITELIBDIR}/tzinfo/definitions/Africa/Bangui.rb
${RUBY_SITELIBDIR}/tzinfo/definitions/Africa/Banjul.rb
${RUBY_SITELIBDIR}/tzinfo/definitions/Africa/Bissau.rb
${RUBY_SITELIBDIR}/tzinfo/definitions/Africa/Blantyre.rb
${RUBY_SITELIBDIR}/tzinfo/definitions/Africa/Brazzaville.rb
${RUBY_SITELIBDIR}/tzinfo/definitions/Africa/Bujumbura.rb
${RUBY_SITELIBDIR}/tzinfo/definitions/Africa/Cairo.rb
${RUBY_SITELIBDIR}/tzinfo/definitions/Africa/Casablanca.rb
${RUBY_SITELIBDIR}/tzinfo/definitions/Africa/Ceuta.rb
${RUBY_SITELIBDIR}/tzinfo/definitions/Africa/Conakry.rb
${RUBY_SITELIBDIR}/tzinfo/definitions/Africa/Dakar.rb
${RUBY_SITELIBDIR}/tzinfo/definitions/Africa/Dar_es_Salaam.rb
${RUBY_SITELIBDIR}/tzinfo/definitions/Africa/Djibouti.rb
${RUBY_SITELIBDIR}/tzinfo/definitions/Africa/Douala.rb
${RUBY_SITELIBDIR}/tzinfo/definitions/Africa/El_Aaiun.rb
${RUBY_SITELIBDIR}/tzinfo/definitions/Africa/Freetown.rb
${RUBY_SITELIBDIR}/tzinfo/definitions/Africa/Gaborone.rb
${RUBY_SITELIBDIR}/tzinfo/definitions/Africa/Harare.rb
${RUBY_SITELIBDIR}/tzinfo/definitions/Africa/Johannesburg.rb
${RUBY_SITELIBDIR}/tzinfo/definitions/Africa/Kampala.rb
${RUBY_SITELIBDIR}/tzinfo/definitions/Africa/Khartoum.rb
${RUBY_SITELIBDIR}/tzinfo/definitions/Africa/Kigali.rb
${RUBY_SITELIBDIR}/tzinfo/definitions/Africa/Kinshasa.rb
${RUBY_SITELIBDIR}/tzinfo/definitions/Africa/Lagos.rb
${RUBY_SITELIBDIR}/tzinfo/definitions/Africa/Libreville.rb
${RUBY_SITELIBDIR}/tzinfo/definitions/Africa/Lome.rb
${RUBY_SITELIBDIR}/tzinfo/definitions/Africa/Luanda.rb
${RUBY_SITELIBDIR}/tzinfo/definitions/Africa/Lubumbashi.rb
${RUBY_SITELIBDIR}/tzinfo/definitions/Africa/Lusaka.rb
${RUBY_SITELIBDIR}/tzinfo/definitions/Africa/Malabo.rb
${RUBY_SITELIBDIR}/tzinfo/definitions/Africa/Maputo.rb
${RUBY_SITELIBDIR}/tzinfo/definitions/Africa/Maseru.rb
${RUBY_SITELIBDIR}/tzinfo/definitions/Africa/Mbabane.rb
${RUBY_SITELIBDIR}/tzinfo/definitions/Africa/Mogadishu.rb
${RUBY_SITELIBDIR}/tzinfo/definitions/Africa/Monrovia.rb
${RUBY_SITELIBDIR}/tzinfo/definitions/Africa/Nairobi.rb
${RUBY_SITELIBDIR}/tzinfo/definitions/Africa/Ndjamena.rb
${RUBY_SITELIBDIR}/tzinfo/definitions/Africa/Niamey.rb
${RUBY_SITELIBDIR}/tzinfo/definitions/Africa/Nouakchott.rb
${RUBY_SITELIBDIR}/tzinfo/definitions/Africa/Ouagadougou.rb
${RUBY_SITELIBDIR}/tzinfo/definitions/Africa/Porto__m__Novo.rb
${RUBY_SITELIBDIR}/tzinfo/definitions/Africa/Sao_Tome.rb
${RUBY_SITELIBDIR}/tzinfo/definitions/Africa/Timbuktu.rb
${RUBY_SITELIBDIR}/tzinfo/definitions/Africa/Tripoli.rb
${RUBY_SITELIBDIR}/tzinfo/definitions/Africa/Tunis.rb
${RUBY_SITELIBDIR}/tzinfo/definitions/Africa/Windhoek.rb
${RUBY_SITELIBDIR}/tzinfo/definitions/America/Adak.rb
${RUBY_SITELIBDIR}/tzinfo/definitions/America/Anchorage.rb
${RUBY_SITELIBDIR}/tzinfo/definitions/America/Anguilla.rb
${RUBY_SITELIBDIR}/tzinfo/definitions/America/Antigua.rb
${RUBY_SITELIBDIR}/tzinfo/definitions/America/Araguaina.rb
${RUBY_SITELIBDIR}/tzinfo/definitions/America/Argentina/Buenos_Aires.rb
${RUBY_SITELIBDIR}/tzinfo/definitions/America/Argentina/Catamarca.rb
${RUBY_SITELIBDIR}/tzinfo/definitions/America/Argentina/ComodRivadavia.rb
${RUBY_SITELIBDIR}/tzinfo/definitions/America/Argentina/Cordoba.rb
${RUBY_SITELIBDIR}/tzinfo/definitions/America/Argentina/Jujuy.rb
${RUBY_SITELIBDIR}/tzinfo/definitions/America/Argentina/La_Rioja.rb
${RUBY_SITELIBDIR}/tzinfo/definitions/America/Argentina/Mendoza.rb
${RUBY_SITELIBDIR}/tzinfo/definitions/America/Argentina/Rio_Gallegos.rb
${RUBY_SITELIBDIR}/tzinfo/definitions/America/Argentina/San_Juan.rb
${RUBY_SITELIBDIR}/tzinfo/definitions/America/Argentina/Tucuman.rb
${RUBY_SITELIBDIR}/tzinfo/definitions/America/Argentina/Ushuaia.rb
${RUBY_SITELIBDIR}/tzinfo/definitions/America/Aruba.rb
${RUBY_SITELIBDIR}/tzinfo/definitions/America/Asuncion.rb
${RUBY_SITELIBDIR}/tzinfo/definitions/America/Atikokan.rb
${RUBY_SITELIBDIR}/tzinfo/definitions/America/Atka.rb
${RUBY_SITELIBDIR}/tzinfo/definitions/America/Bahia.rb
${RUBY_SITELIBDIR}/tzinfo/definitions/America/Barbados.rb
${RUBY_SITELIBDIR}/tzinfo/definitions/America/Belem.rb
${RUBY_SITELIBDIR}/tzinfo/definitions/America/Belize.rb
${RUBY_SITELIBDIR}/tzinfo/definitions/America/Blanc__m__Sablon.rb
${RUBY_SITELIBDIR}/tzinfo/definitions/America/Boa_Vista.rb
${RUBY_SITELIBDIR}/tzinfo/definitions/America/Bogota.rb
${RUBY_SITELIBDIR}/tzinfo/definitions/America/Boise.rb
${RUBY_SITELIBDIR}/tzinfo/definitions/America/Buenos_Aires.rb
${RUBY_SITELIBDIR}/tzinfo/definitions/America/Cambridge_Bay.rb
${RUBY_SITELIBDIR}/tzinfo/definitions/America/Campo_Grande.rb
${RUBY_SITELIBDIR}/tzinfo/definitions/America/Cancun.rb
${RUBY_SITELIBDIR}/tzinfo/definitions/America/Caracas.rb
${RUBY_SITELIBDIR}/tzinfo/definitions/America/Catamarca.rb
${RUBY_SITELIBDIR}/tzinfo/definitions/America/Cayenne.rb
${RUBY_SITELIBDIR}/tzinfo/definitions/America/Cayman.rb
${RUBY_SITELIBDIR}/tzinfo/definitions/America/Chicago.rb
${RUBY_SITELIBDIR}/tzinfo/definitions/America/Chihuahua.rb
${RUBY_SITELIBDIR}/tzinfo/definitions/America/Coral_Harbour.rb
${RUBY_SITELIBDIR}/tzinfo/definitions/America/Cordoba.rb
${RUBY_SITELIBDIR}/tzinfo/definitions/America/Costa_Rica.rb
${RUBY_SITELIBDIR}/tzinfo/definitions/America/Cuiaba.rb
${RUBY_SITELIBDIR}/tzinfo/definitions/America/Curacao.rb
${RUBY_SITELIBDIR}/tzinfo/definitions/America/Danmarkshavn.rb
${RUBY_SITELIBDIR}/tzinfo/definitions/America/Dawson.rb
${RUBY_SITELIBDIR}/tzinfo/definitions/America/Dawson_Creek.rb
${RUBY_SITELIBDIR}/tzinfo/definitions/America/Denver.rb
${RUBY_SITELIBDIR}/tzinfo/definitions/America/Detroit.rb
${RUBY_SITELIBDIR}/tzinfo/definitions/America/Dominica.rb
${RUBY_SITELIBDIR}/tzinfo/definitions/America/Edmonton.rb
${RUBY_SITELIBDIR}/tzinfo/definitions/America/Eirunepe.rb
${RUBY_SITELIBDIR}/tzinfo/definitions/America/El_Salvador.rb
${RUBY_SITELIBDIR}/tzinfo/definitions/America/Ensenada.rb
${RUBY_SITELIBDIR}/tzinfo/definitions/America/Fort_Wayne.rb
${RUBY_SITELIBDIR}/tzinfo/definitions/America/Fortaleza.rb
${RUBY_SITELIBDIR}/tzinfo/definitions/America/Glace_Bay.rb
${RUBY_SITELIBDIR}/tzinfo/definitions/America/Godthab.rb
${RUBY_SITELIBDIR}/tzinfo/definitions/America/Goose_Bay.rb
${RUBY_SITELIBDIR}/tzinfo/definitions/America/Grand_Turk.rb
${RUBY_SITELIBDIR}/tzinfo/definitions/America/Grenada.rb
${RUBY_SITELIBDIR}/tzinfo/definitions/America/Guadeloupe.rb
${RUBY_SITELIBDIR}/tzinfo/definitions/America/Guatemala.rb
${RUBY_SITELIBDIR}/tzinfo/definitions/America/Guayaquil.rb
${RUBY_SITELIBDIR}/tzinfo/definitions/America/Guyana.rb
${RUBY_SITELIBDIR}/tzinfo/definitions/America/Halifax.rb
${RUBY_SITELIBDIR}/tzinfo/definitions/America/Havana.rb
${RUBY_SITELIBDIR}/tzinfo/definitions/America/Hermosillo.rb
${RUBY_SITELIBDIR}/tzinfo/definitions/America/Indiana/Indianapolis.rb
${RUBY_SITELIBDIR}/tzinfo/definitions/America/Indiana/Knox.rb
${RUBY_SITELIBDIR}/tzinfo/definitions/America/Indiana/Marengo.rb
${RUBY_SITELIBDIR}/tzinfo/definitions/America/Indiana/Petersburg.rb
${RUBY_SITELIBDIR}/tzinfo/definitions/America/Indiana/Vevay.rb
${RUBY_SITELIBDIR}/tzinfo/definitions/America/Indiana/Vincennes.rb
${RUBY_SITELIBDIR}/tzinfo/definitions/America/Indianapolis.rb
${RUBY_SITELIBDIR}/tzinfo/definitions/America/Inuvik.rb
${RUBY_SITELIBDIR}/tzinfo/definitions/America/Iqaluit.rb
${RUBY_SITELIBDIR}/tzinfo/definitions/America/Jamaica.rb
${RUBY_SITELIBDIR}/tzinfo/definitions/America/Jujuy.rb
${RUBY_SITELIBDIR}/tzinfo/definitions/America/Juneau.rb
${RUBY_SITELIBDIR}/tzinfo/definitions/America/Kentucky/Louisville.rb
${RUBY_SITELIBDIR}/tzinfo/definitions/America/Kentucky/Monticello.rb
${RUBY_SITELIBDIR}/tzinfo/definitions/America/Knox_IN.rb
${RUBY_SITELIBDIR}/tzinfo/definitions/America/La_Paz.rb
${RUBY_SITELIBDIR}/tzinfo/definitions/America/Lima.rb
${RUBY_SITELIBDIR}/tzinfo/definitions/America/Los_Angeles.rb
${RUBY_SITELIBDIR}/tzinfo/definitions/America/Louisville.rb
${RUBY_SITELIBDIR}/tzinfo/definitions/America/Maceio.rb
${RUBY_SITELIBDIR}/tzinfo/definitions/America/Managua.rb
${RUBY_SITELIBDIR}/tzinfo/definitions/America/Manaus.rb
${RUBY_SITELIBDIR}/tzinfo/definitions/America/Martinique.rb
${RUBY_SITELIBDIR}/tzinfo/definitions/America/Mazatlan.rb
${RUBY_SITELIBDIR}/tzinfo/definitions/America/Mendoza.rb
${RUBY_SITELIBDIR}/tzinfo/definitions/America/Menominee.rb
${RUBY_SITELIBDIR}/tzinfo/definitions/America/Merida.rb
${RUBY_SITELIBDIR}/tzinfo/definitions/America/Mexico_City.rb
${RUBY_SITELIBDIR}/tzinfo/definitions/America/Miquelon.rb
${RUBY_SITELIBDIR}/tzinfo/definitions/America/Moncton.rb
${RUBY_SITELIBDIR}/tzinfo/definitions/America/Monterrey.rb
${RUBY_SITELIBDIR}/tzinfo/definitions/America/Montevideo.rb
${RUBY_SITELIBDIR}/tzinfo/definitions/America/Montreal.rb
${RUBY_SITELIBDIR}/tzinfo/definitions/America/Montserrat.rb
${RUBY_SITELIBDIR}/tzinfo/definitions/America/Nassau.rb
${RUBY_SITELIBDIR}/tzinfo/definitions/America/New_York.rb
${RUBY_SITELIBDIR}/tzinfo/definitions/America/Nipigon.rb
${RUBY_SITELIBDIR}/tzinfo/definitions/America/Nome.rb
${RUBY_SITELIBDIR}/tzinfo/definitions/America/Noronha.rb
${RUBY_SITELIBDIR}/tzinfo/definitions/America/North_Dakota/Center.rb
${RUBY_SITELIBDIR}/tzinfo/definitions/America/North_Dakota/New_Salem.rb
${RUBY_SITELIBDIR}/tzinfo/definitions/America/Panama.rb
${RUBY_SITELIBDIR}/tzinfo/definitions/America/Pangnirtung.rb
${RUBY_SITELIBDIR}/tzinfo/definitions/America/Paramaribo.rb
${RUBY_SITELIBDIR}/tzinfo/definitions/America/Phoenix.rb
${RUBY_SITELIBDIR}/tzinfo/definitions/America/Port__m__au__m__Prince.rb
${RUBY_SITELIBDIR}/tzinfo/definitions/America/Port_of_Spain.rb
${RUBY_SITELIBDIR}/tzinfo/definitions/America/Porto_Acre.rb
${RUBY_SITELIBDIR}/tzinfo/definitions/America/Porto_Velho.rb
${RUBY_SITELIBDIR}/tzinfo/definitions/America/Puerto_Rico.rb
${RUBY_SITELIBDIR}/tzinfo/definitions/America/Rainy_River.rb
${RUBY_SITELIBDIR}/tzinfo/definitions/America/Rankin_Inlet.rb
${RUBY_SITELIBDIR}/tzinfo/definitions/America/Recife.rb
${RUBY_SITELIBDIR}/tzinfo/definitions/America/Regina.rb
${RUBY_SITELIBDIR}/tzinfo/definitions/America/Rio_Branco.rb
${RUBY_SITELIBDIR}/tzinfo/definitions/America/Rosario.rb
${RUBY_SITELIBDIR}/tzinfo/definitions/America/Santiago.rb
${RUBY_SITELIBDIR}/tzinfo/definitions/America/Santo_Domingo.rb
${RUBY_SITELIBDIR}/tzinfo/definitions/America/Sao_Paulo.rb
${RUBY_SITELIBDIR}/tzinfo/definitions/America/Scoresbysund.rb
${RUBY_SITELIBDIR}/tzinfo/definitions/America/Shiprock.rb
${RUBY_SITELIBDIR}/tzinfo/definitions/America/St_Johns.rb
${RUBY_SITELIBDIR}/tzinfo/definitions/America/St_Kitts.rb
${RUBY_SITELIBDIR}/tzinfo/definitions/America/St_Lucia.rb
${RUBY_SITELIBDIR}/tzinfo/definitions/America/St_Thomas.rb
${RUBY_SITELIBDIR}/tzinfo/definitions/America/St_Vincent.rb
${RUBY_SITELIBDIR}/tzinfo/definitions/America/Swift_Current.rb
${RUBY_SITELIBDIR}/tzinfo/definitions/America/Tegucigalpa.rb
${RUBY_SITELIBDIR}/tzinfo/definitions/America/Thule.rb
${RUBY_SITELIBDIR}/tzinfo/definitions/America/Thunder_Bay.rb
${RUBY_SITELIBDIR}/tzinfo/definitions/America/Tijuana.rb
${RUBY_SITELIBDIR}/tzinfo/definitions/America/Toronto.rb
${RUBY_SITELIBDIR}/tzinfo/definitions/America/Tortola.rb
${RUBY_SITELIBDIR}/tzinfo/definitions/America/Vancouver.rb
${RUBY_SITELIBDIR}/tzinfo/definitions/America/Virgin.rb
${RUBY_SITELIBDIR}/tzinfo/definitions/America/Whitehorse.rb
${RUBY_SITELIBDIR}/tzinfo/definitions/America/Winnipeg.rb
${RUBY_SITELIBDIR}/tzinfo/definitions/America/Yakutat.rb
${RUBY_SITELIBDIR}/tzinfo/definitions/America/Yellowknife.rb
${RUBY_SITELIBDIR}/tzinfo/definitions/Antarctica/Casey.rb
${RUBY_SITELIBDIR}/tzinfo/definitions/Antarctica/Davis.rb
${RUBY_SITELIBDIR}/tzinfo/definitions/Antarctica/DumontDUrville.rb
${RUBY_SITELIBDIR}/tzinfo/definitions/Antarctica/Mawson.rb
${RUBY_SITELIBDIR}/tzinfo/definitions/Antarctica/McMurdo.rb
${RUBY_SITELIBDIR}/tzinfo/definitions/Antarctica/Palmer.rb
${RUBY_SITELIBDIR}/tzinfo/definitions/Antarctica/Rothera.rb
${RUBY_SITELIBDIR}/tzinfo/definitions/Antarctica/South_Pole.rb
${RUBY_SITELIBDIR}/tzinfo/definitions/Antarctica/Syowa.rb
${RUBY_SITELIBDIR}/tzinfo/definitions/Antarctica/Vostok.rb
${RUBY_SITELIBDIR}/tzinfo/definitions/Arctic/Longyearbyen.rb
${RUBY_SITELIBDIR}/tzinfo/definitions/Asia/Aden.rb
${RUBY_SITELIBDIR}/tzinfo/definitions/Asia/Almaty.rb
${RUBY_SITELIBDIR}/tzinfo/definitions/Asia/Amman.rb
${RUBY_SITELIBDIR}/tzinfo/definitions/Asia/Anadyr.rb
${RUBY_SITELIBDIR}/tzinfo/definitions/Asia/Aqtau.rb
${RUBY_SITELIBDIR}/tzinfo/definitions/Asia/Aqtobe.rb
${RUBY_SITELIBDIR}/tzinfo/definitions/Asia/Ashgabat.rb
${RUBY_SITELIBDIR}/tzinfo/definitions/Asia/Ashkhabad.rb
${RUBY_SITELIBDIR}/tzinfo/definitions/Asia/Baghdad.rb
${RUBY_SITELIBDIR}/tzinfo/definitions/Asia/Bahrain.rb
${RUBY_SITELIBDIR}/tzinfo/definitions/Asia/Baku.rb
${RUBY_SITELIBDIR}/tzinfo/definitions/Asia/Bangkok.rb
${RUBY_SITELIBDIR}/tzinfo/definitions/Asia/Beirut.rb
${RUBY_SITELIBDIR}/tzinfo/definitions/Asia/Bishkek.rb
${RUBY_SITELIBDIR}/tzinfo/definitions/Asia/Brunei.rb
${RUBY_SITELIBDIR}/tzinfo/definitions/Asia/Calcutta.rb
${RUBY_SITELIBDIR}/tzinfo/definitions/Asia/Choibalsan.rb
${RUBY_SITELIBDIR}/tzinfo/definitions/Asia/Chongqing.rb
${RUBY_SITELIBDIR}/tzinfo/definitions/Asia/Chungking.rb
${RUBY_SITELIBDIR}/tzinfo/definitions/Asia/Colombo.rb
${RUBY_SITELIBDIR}/tzinfo/definitions/Asia/Dacca.rb
${RUBY_SITELIBDIR}/tzinfo/definitions/Asia/Damascus.rb
${RUBY_SITELIBDIR}/tzinfo/definitions/Asia/Dhaka.rb
${RUBY_SITELIBDIR}/tzinfo/definitions/Asia/Dili.rb
${RUBY_SITELIBDIR}/tzinfo/definitions/Asia/Dubai.rb
${RUBY_SITELIBDIR}/tzinfo/definitions/Asia/Dushanbe.rb
${RUBY_SITELIBDIR}/tzinfo/definitions/Asia/Gaza.rb
${RUBY_SITELIBDIR}/tzinfo/definitions/Asia/Harbin.rb
${RUBY_SITELIBDIR}/tzinfo/definitions/Asia/Hong_Kong.rb
${RUBY_SITELIBDIR}/tzinfo/definitions/Asia/Hovd.rb
${RUBY_SITELIBDIR}/tzinfo/definitions/Asia/Irkutsk.rb
${RUBY_SITELIBDIR}/tzinfo/definitions/Asia/Istanbul.rb
${RUBY_SITELIBDIR}/tzinfo/definitions/Asia/Jakarta.rb
${RUBY_SITELIBDIR}/tzinfo/definitions/Asia/Jayapura.rb
${RUBY_SITELIBDIR}/tzinfo/definitions/Asia/Jerusalem.rb
${RUBY_SITELIBDIR}/tzinfo/definitions/Asia/Kabul.rb
${RUBY_SITELIBDIR}/tzinfo/definitions/Asia/Kamchatka.rb
${RUBY_SITELIBDIR}/tzinfo/definitions/Asia/Karachi.rb
${RUBY_SITELIBDIR}/tzinfo/definitions/Asia/Kashgar.rb
${RUBY_SITELIBDIR}/tzinfo/definitions/Asia/Katmandu.rb
${RUBY_SITELIBDIR}/tzinfo/definitions/Asia/Krasnoyarsk.rb
${RUBY_SITELIBDIR}/tzinfo/definitions/Asia/Kuala_Lumpur.rb
${RUBY_SITELIBDIR}/tzinfo/definitions/Asia/Kuching.rb
${RUBY_SITELIBDIR}/tzinfo/definitions/Asia/Kuwait.rb
${RUBY_SITELIBDIR}/tzinfo/definitions/Asia/Macao.rb
${RUBY_SITELIBDIR}/tzinfo/definitions/Asia/Macau.rb
${RUBY_SITELIBDIR}/tzinfo/definitions/Asia/Magadan.rb
${RUBY_SITELIBDIR}/tzinfo/definitions/Asia/Makassar.rb
${RUBY_SITELIBDIR}/tzinfo/definitions/Asia/Manila.rb
${RUBY_SITELIBDIR}/tzinfo/definitions/Asia/Muscat.rb
${RUBY_SITELIBDIR}/tzinfo/definitions/Asia/Nicosia.rb
${RUBY_SITELIBDIR}/tzinfo/definitions/Asia/Novosibirsk.rb
${RUBY_SITELIBDIR}/tzinfo/definitions/Asia/Omsk.rb
${RUBY_SITELIBDIR}/tzinfo/definitions/Asia/Oral.rb
${RUBY_SITELIBDIR}/tzinfo/definitions/Asia/Phnom_Penh.rb
${RUBY_SITELIBDIR}/tzinfo/definitions/Asia/Pontianak.rb
${RUBY_SITELIBDIR}/tzinfo/definitions/Asia/Pyongyang.rb
${RUBY_SITELIBDIR}/tzinfo/definitions/Asia/Qatar.rb
${RUBY_SITELIBDIR}/tzinfo/definitions/Asia/Qyzylorda.rb
${RUBY_SITELIBDIR}/tzinfo/definitions/Asia/Rangoon.rb
${RUBY_SITELIBDIR}/tzinfo/definitions/Asia/Riyadh.rb
${RUBY_SITELIBDIR}/tzinfo/definitions/Asia/Riyadh87.rb
${RUBY_SITELIBDIR}/tzinfo/definitions/Asia/Riyadh88.rb
${RUBY_SITELIBDIR}/tzinfo/definitions/Asia/Riyadh89.rb
${RUBY_SITELIBDIR}/tzinfo/definitions/Asia/Saigon.rb
${RUBY_SITELIBDIR}/tzinfo/definitions/Asia/Sakhalin.rb
${RUBY_SITELIBDIR}/tzinfo/definitions/Asia/Samarkand.rb
${RUBY_SITELIBDIR}/tzinfo/definitions/Asia/Seoul.rb
${RUBY_SITELIBDIR}/tzinfo/definitions/Asia/Shanghai.rb
${RUBY_SITELIBDIR}/tzinfo/definitions/Asia/Singapore.rb
${RUBY_SITELIBDIR}/tzinfo/definitions/Asia/Taipei.rb
${RUBY_SITELIBDIR}/tzinfo/definitions/Asia/Tashkent.rb
${RUBY_SITELIBDIR}/tzinfo/definitions/Asia/Tbilisi.rb
${RUBY_SITELIBDIR}/tzinfo/definitions/Asia/Tehran.rb
${RUBY_SITELIBDIR}/tzinfo/definitions/Asia/Tel_Aviv.rb
${RUBY_SITELIBDIR}/tzinfo/definitions/Asia/Thimbu.rb
${RUBY_SITELIBDIR}/tzinfo/definitions/Asia/Thimphu.rb
${RUBY_SITELIBDIR}/tzinfo/definitions/Asia/Tokyo.rb
${RUBY_SITELIBDIR}/tzinfo/definitions/Asia/Ujung_Pandang.rb
${RUBY_SITELIBDIR}/tzinfo/definitions/Asia/Ulaanbaatar.rb
${RUBY_SITELIBDIR}/tzinfo/definitions/Asia/Ulan_Bator.rb
${RUBY_SITELIBDIR}/tzinfo/definitions/Asia/Urumqi.rb
${RUBY_SITELIBDIR}/tzinfo/definitions/Asia/Vientiane.rb
${RUBY_SITELIBDIR}/tzinfo/definitions/Asia/Vladivostok.rb
${RUBY_SITELIBDIR}/tzinfo/definitions/Asia/Yakutsk.rb
${RUBY_SITELIBDIR}/tzinfo/definitions/Asia/Yekaterinburg.rb
${RUBY_SITELIBDIR}/tzinfo/definitions/Asia/Yerevan.rb
${RUBY_SITELIBDIR}/tzinfo/definitions/Atlantic/Azores.rb
${RUBY_SITELIBDIR}/tzinfo/definitions/Atlantic/Bermuda.rb
${RUBY_SITELIBDIR}/tzinfo/definitions/Atlantic/Canary.rb
${RUBY_SITELIBDIR}/tzinfo/definitions/Atlantic/Cape_Verde.rb
${RUBY_SITELIBDIR}/tzinfo/definitions/Atlantic/Faeroe.rb
${RUBY_SITELIBDIR}/tzinfo/definitions/Atlantic/Jan_Mayen.rb
${RUBY_SITELIBDIR}/tzinfo/definitions/Atlantic/Madeira.rb
${RUBY_SITELIBDIR}/tzinfo/definitions/Atlantic/Reykjavik.rb
${RUBY_SITELIBDIR}/tzinfo/definitions/Atlantic/South_Georgia.rb
${RUBY_SITELIBDIR}/tzinfo/definitions/Atlantic/St_Helena.rb
${RUBY_SITELIBDIR}/tzinfo/definitions/Atlantic/Stanley.rb
${RUBY_SITELIBDIR}/tzinfo/definitions/Australia/ACT.rb
${RUBY_SITELIBDIR}/tzinfo/definitions/Australia/Adelaide.rb
${RUBY_SITELIBDIR}/tzinfo/definitions/Australia/Brisbane.rb
${RUBY_SITELIBDIR}/tzinfo/definitions/Australia/Broken_Hill.rb
${RUBY_SITELIBDIR}/tzinfo/definitions/Australia/Canberra.rb
${RUBY_SITELIBDIR}/tzinfo/definitions/Australia/Currie.rb
${RUBY_SITELIBDIR}/tzinfo/definitions/Australia/Darwin.rb
${RUBY_SITELIBDIR}/tzinfo/definitions/Australia/Hobart.rb
${RUBY_SITELIBDIR}/tzinfo/definitions/Australia/LHI.rb
${RUBY_SITELIBDIR}/tzinfo/definitions/Australia/Lindeman.rb
${RUBY_SITELIBDIR}/tzinfo/definitions/Australia/Lord_Howe.rb
${RUBY_SITELIBDIR}/tzinfo/definitions/Australia/Melbourne.rb
${RUBY_SITELIBDIR}/tzinfo/definitions/Australia/NSW.rb
${RUBY_SITELIBDIR}/tzinfo/definitions/Australia/North.rb
${RUBY_SITELIBDIR}/tzinfo/definitions/Australia/Perth.rb
${RUBY_SITELIBDIR}/tzinfo/definitions/Australia/Queensland.rb
${RUBY_SITELIBDIR}/tzinfo/definitions/Australia/South.rb
${RUBY_SITELIBDIR}/tzinfo/definitions/Australia/Sydney.rb
${RUBY_SITELIBDIR}/tzinfo/definitions/Australia/Tasmania.rb
${RUBY_SITELIBDIR}/tzinfo/definitions/Australia/Victoria.rb
${RUBY_SITELIBDIR}/tzinfo/definitions/Australia/West.rb
${RUBY_SITELIBDIR}/tzinfo/definitions/Australia/Yancowinna.rb
${RUBY_SITELIBDIR}/tzinfo/definitions/Brazil/Acre.rb
${RUBY_SITELIBDIR}/tzinfo/definitions/Brazil/DeNoronha.rb
${RUBY_SITELIBDIR}/tzinfo/definitions/Brazil/East.rb
${RUBY_SITELIBDIR}/tzinfo/definitions/Brazil/West.rb
${RUBY_SITELIBDIR}/tzinfo/definitions/CET.rb
${RUBY_SITELIBDIR}/tzinfo/definitions/CST6CDT.rb
${RUBY_SITELIBDIR}/tzinfo/definitions/Canada/Atlantic.rb
${RUBY_SITELIBDIR}/tzinfo/definitions/Canada/Central.rb
${RUBY_SITELIBDIR}/tzinfo/definitions/Canada/East__m__Saskatchewan.rb
${RUBY_SITELIBDIR}/tzinfo/definitions/Canada/Eastern.rb
${RUBY_SITELIBDIR}/tzinfo/definitions/Canada/Mountain.rb
${RUBY_SITELIBDIR}/tzinfo/definitions/Canada/Newfoundland.rb
${RUBY_SITELIBDIR}/tzinfo/definitions/Canada/Pacific.rb
${RUBY_SITELIBDIR}/tzinfo/definitions/Canada/Saskatchewan.rb
${RUBY_SITELIBDIR}/tzinfo/definitions/Canada/Yukon.rb
${RUBY_SITELIBDIR}/tzinfo/definitions/Chile/Continental.rb
${RUBY_SITELIBDIR}/tzinfo/definitions/Chile/EasterIsland.rb
${RUBY_SITELIBDIR}/tzinfo/definitions/Cuba.rb
${RUBY_SITELIBDIR}/tzinfo/definitions/EET.rb
${RUBY_SITELIBDIR}/tzinfo/definitions/EST.rb
${RUBY_SITELIBDIR}/tzinfo/definitions/EST5EDT.rb
${RUBY_SITELIBDIR}/tzinfo/definitions/Egypt.rb
${RUBY_SITELIBDIR}/tzinfo/definitions/Eire.rb
${RUBY_SITELIBDIR}/tzinfo/definitions/Etc/GMT.rb
${RUBY_SITELIBDIR}/tzinfo/definitions/Etc/GMT0.rb
${RUBY_SITELIBDIR}/tzinfo/definitions/Etc/GMT__m__0.rb
${RUBY_SITELIBDIR}/tzinfo/definitions/Etc/GMT__m__1.rb
${RUBY_SITELIBDIR}/tzinfo/definitions/Etc/GMT__m__10.rb
${RUBY_SITELIBDIR}/tzinfo/definitions/Etc/GMT__m__11.rb
${RUBY_SITELIBDIR}/tzinfo/definitions/Etc/GMT__m__12.rb
${RUBY_SITELIBDIR}/tzinfo/definitions/Etc/GMT__m__13.rb
${RUBY_SITELIBDIR}/tzinfo/definitions/Etc/GMT__m__14.rb
${RUBY_SITELIBDIR}/tzinfo/definitions/Etc/GMT__m__2.rb
${RUBY_SITELIBDIR}/tzinfo/definitions/Etc/GMT__m__3.rb
${RUBY_SITELIBDIR}/tzinfo/definitions/Etc/GMT__m__4.rb
${RUBY_SITELIBDIR}/tzinfo/definitions/Etc/GMT__m__5.rb
${RUBY_SITELIBDIR}/tzinfo/definitions/Etc/GMT__m__6.rb
${RUBY_SITELIBDIR}/tzinfo/definitions/Etc/GMT__m__7.rb
${RUBY_SITELIBDIR}/tzinfo/definitions/Etc/GMT__m__8.rb
${RUBY_SITELIBDIR}/tzinfo/definitions/Etc/GMT__m__9.rb
${RUBY_SITELIBDIR}/tzinfo/definitions/Etc/GMT__p__0.rb
${RUBY_SITELIBDIR}/tzinfo/definitions/Etc/GMT__p__1.rb
${RUBY_SITELIBDIR}/tzinfo/definitions/Etc/GMT__p__10.rb
${RUBY_SITELIBDIR}/tzinfo/definitions/Etc/GMT__p__11.rb
${RUBY_SITELIBDIR}/tzinfo/definitions/Etc/GMT__p__12.rb
${RUBY_SITELIBDIR}/tzinfo/definitions/Etc/GMT__p__2.rb
${RUBY_SITELIBDIR}/tzinfo/definitions/Etc/GMT__p__3.rb
${RUBY_SITELIBDIR}/tzinfo/definitions/Etc/GMT__p__4.rb
${RUBY_SITELIBDIR}/tzinfo/definitions/Etc/GMT__p__5.rb
${RUBY_SITELIBDIR}/tzinfo/definitions/Etc/GMT__p__6.rb
${RUBY_SITELIBDIR}/tzinfo/definitions/Etc/GMT__p__7.rb
${RUBY_SITELIBDIR}/tzinfo/definitions/Etc/GMT__p__8.rb
${RUBY_SITELIBDIR}/tzinfo/definitions/Etc/GMT__p__9.rb
${RUBY_SITELIBDIR}/tzinfo/definitions/Etc/Greenwich.rb
${RUBY_SITELIBDIR}/tzinfo/definitions/Etc/UCT.rb
${RUBY_SITELIBDIR}/tzinfo/definitions/Etc/UTC.rb
${RUBY_SITELIBDIR}/tzinfo/definitions/Etc/Universal.rb
${RUBY_SITELIBDIR}/tzinfo/definitions/Etc/Zulu.rb
${RUBY_SITELIBDIR}/tzinfo/definitions/Europe/Amsterdam.rb
${RUBY_SITELIBDIR}/tzinfo/definitions/Europe/Andorra.rb
${RUBY_SITELIBDIR}/tzinfo/definitions/Europe/Athens.rb
${RUBY_SITELIBDIR}/tzinfo/definitions/Europe/Belfast.rb
${RUBY_SITELIBDIR}/tzinfo/definitions/Europe/Belgrade.rb
${RUBY_SITELIBDIR}/tzinfo/definitions/Europe/Berlin.rb
${RUBY_SITELIBDIR}/tzinfo/definitions/Europe/Bratislava.rb
${RUBY_SITELIBDIR}/tzinfo/definitions/Europe/Brussels.rb
${RUBY_SITELIBDIR}/tzinfo/definitions/Europe/Bucharest.rb
${RUBY_SITELIBDIR}/tzinfo/definitions/Europe/Budapest.rb
${RUBY_SITELIBDIR}/tzinfo/definitions/Europe/Chisinau.rb
${RUBY_SITELIBDIR}/tzinfo/definitions/Europe/Copenhagen.rb
${RUBY_SITELIBDIR}/tzinfo/definitions/Europe/Dublin.rb
${RUBY_SITELIBDIR}/tzinfo/definitions/Europe/Gibraltar.rb
${RUBY_SITELIBDIR}/tzinfo/definitions/Europe/Guernsey.rb
${RUBY_SITELIBDIR}/tzinfo/definitions/Europe/Helsinki.rb
${RUBY_SITELIBDIR}/tzinfo/definitions/Europe/Isle_of_Man.rb
${RUBY_SITELIBDIR}/tzinfo/definitions/Europe/Istanbul.rb
${RUBY_SITELIBDIR}/tzinfo/definitions/Europe/Jersey.rb
${RUBY_SITELIBDIR}/tzinfo/definitions/Europe/Kaliningrad.rb
${RUBY_SITELIBDIR}/tzinfo/definitions/Europe/Kiev.rb
${RUBY_SITELIBDIR}/tzinfo/definitions/Europe/Lisbon.rb
${RUBY_SITELIBDIR}/tzinfo/definitions/Europe/Ljubljana.rb
${RUBY_SITELIBDIR}/tzinfo/definitions/Europe/London.rb
${RUBY_SITELIBDIR}/tzinfo/definitions/Europe/Luxembourg.rb
${RUBY_SITELIBDIR}/tzinfo/definitions/Europe/Madrid.rb
${RUBY_SITELIBDIR}/tzinfo/definitions/Europe/Malta.rb
${RUBY_SITELIBDIR}/tzinfo/definitions/Europe/Mariehamn.rb
${RUBY_SITELIBDIR}/tzinfo/definitions/Europe/Minsk.rb
${RUBY_SITELIBDIR}/tzinfo/definitions/Europe/Monaco.rb
${RUBY_SITELIBDIR}/tzinfo/definitions/Europe/Moscow.rb
${RUBY_SITELIBDIR}/tzinfo/definitions/Europe/Nicosia.rb
${RUBY_SITELIBDIR}/tzinfo/definitions/Europe/Oslo.rb
${RUBY_SITELIBDIR}/tzinfo/definitions/Europe/Paris.rb
${RUBY_SITELIBDIR}/tzinfo/definitions/Europe/Podgorica.rb
${RUBY_SITELIBDIR}/tzinfo/definitions/Europe/Prague.rb
${RUBY_SITELIBDIR}/tzinfo/definitions/Europe/Riga.rb
${RUBY_SITELIBDIR}/tzinfo/definitions/Europe/Rome.rb
${RUBY_SITELIBDIR}/tzinfo/definitions/Europe/Samara.rb
${RUBY_SITELIBDIR}/tzinfo/definitions/Europe/San_Marino.rb
${RUBY_SITELIBDIR}/tzinfo/definitions/Europe/Sarajevo.rb
${RUBY_SITELIBDIR}/tzinfo/definitions/Europe/Simferopol.rb
${RUBY_SITELIBDIR}/tzinfo/definitions/Europe/Skopje.rb
${RUBY_SITELIBDIR}/tzinfo/definitions/Europe/Sofia.rb
${RUBY_SITELIBDIR}/tzinfo/definitions/Europe/Stockholm.rb
${RUBY_SITELIBDIR}/tzinfo/definitions/Europe/Tallinn.rb
${RUBY_SITELIBDIR}/tzinfo/definitions/Europe/Tirane.rb
${RUBY_SITELIBDIR}/tzinfo/definitions/Europe/Tiraspol.rb
${RUBY_SITELIBDIR}/tzinfo/definitions/Europe/Uzhgorod.rb
${RUBY_SITELIBDIR}/tzinfo/definitions/Europe/Vaduz.rb
${RUBY_SITELIBDIR}/tzinfo/definitions/Europe/Vatican.rb
${RUBY_SITELIBDIR}/tzinfo/definitions/Europe/Vienna.rb
${RUBY_SITELIBDIR}/tzinfo/definitions/Europe/Vilnius.rb
${RUBY_SITELIBDIR}/tzinfo/definitions/Europe/Volgograd.rb
${RUBY_SITELIBDIR}/tzinfo/definitions/Europe/Warsaw.rb
${RUBY_SITELIBDIR}/tzinfo/definitions/Europe/Zagreb.rb
${RUBY_SITELIBDIR}/tzinfo/definitions/Europe/Zaporozhye.rb
${RUBY_SITELIBDIR}/tzinfo/definitions/Europe/Zurich.rb
${RUBY_SITELIBDIR}/tzinfo/definitions/GB.rb
${RUBY_SITELIBDIR}/tzinfo/definitions/GB__m__Eire.rb
${RUBY_SITELIBDIR}/tzinfo/definitions/GMT.rb
${RUBY_SITELIBDIR}/tzinfo/definitions/GMT0.rb
${RUBY_SITELIBDIR}/tzinfo/definitions/GMT__m__0.rb
${RUBY_SITELIBDIR}/tzinfo/definitions/GMT__p__0.rb
${RUBY_SITELIBDIR}/tzinfo/definitions/Greenwich.rb
${RUBY_SITELIBDIR}/tzinfo/definitions/HST.rb
${RUBY_SITELIBDIR}/tzinfo/definitions/Hongkong.rb
${RUBY_SITELIBDIR}/tzinfo/definitions/Iceland.rb
${RUBY_SITELIBDIR}/tzinfo/definitions/Indian/Antananarivo.rb
${RUBY_SITELIBDIR}/tzinfo/definitions/Indian/Chagos.rb
${RUBY_SITELIBDIR}/tzinfo/definitions/Indian/Christmas.rb
${RUBY_SITELIBDIR}/tzinfo/definitions/Indian/Cocos.rb
${RUBY_SITELIBDIR}/tzinfo/definitions/Indian/Comoro.rb
${RUBY_SITELIBDIR}/tzinfo/definitions/Indian/Kerguelen.rb
${RUBY_SITELIBDIR}/tzinfo/definitions/Indian/Mahe.rb
${RUBY_SITELIBDIR}/tzinfo/definitions/Indian/Maldives.rb
${RUBY_SITELIBDIR}/tzinfo/definitions/Indian/Mauritius.rb
${RUBY_SITELIBDIR}/tzinfo/definitions/Indian/Mayotte.rb
${RUBY_SITELIBDIR}/tzinfo/definitions/Indian/Reunion.rb
${RUBY_SITELIBDIR}/tzinfo/definitions/Iran.rb
${RUBY_SITELIBDIR}/tzinfo/definitions/Israel.rb
${RUBY_SITELIBDIR}/tzinfo/definitions/Jamaica.rb
${RUBY_SITELIBDIR}/tzinfo/definitions/Japan.rb
${RUBY_SITELIBDIR}/tzinfo/definitions/Kwajalein.rb
${RUBY_SITELIBDIR}/tzinfo/definitions/Libya.rb
${RUBY_SITELIBDIR}/tzinfo/definitions/MET.rb
${RUBY_SITELIBDIR}/tzinfo/definitions/MST.rb
${RUBY_SITELIBDIR}/tzinfo/definitions/MST7MDT.rb
${RUBY_SITELIBDIR}/tzinfo/definitions/Mexico/BajaNorte.rb
${RUBY_SITELIBDIR}/tzinfo/definitions/Mexico/BajaSur.rb
${RUBY_SITELIBDIR}/tzinfo/definitions/Mexico/General.rb
${RUBY_SITELIBDIR}/tzinfo/definitions/Mideast/Riyadh87.rb
${RUBY_SITELIBDIR}/tzinfo/definitions/Mideast/Riyadh88.rb
${RUBY_SITELIBDIR}/tzinfo/definitions/Mideast/Riyadh89.rb
${RUBY_SITELIBDIR}/tzinfo/definitions/NZ.rb
${RUBY_SITELIBDIR}/tzinfo/definitions/NZ__m__CHAT.rb
${RUBY_SITELIBDIR}/tzinfo/definitions/Navajo.rb
${RUBY_SITELIBDIR}/tzinfo/definitions/PRC.rb
${RUBY_SITELIBDIR}/tzinfo/definitions/PST8PDT.rb
${RUBY_SITELIBDIR}/tzinfo/definitions/Pacific/Apia.rb
${RUBY_SITELIBDIR}/tzinfo/definitions/Pacific/Auckland.rb
${RUBY_SITELIBDIR}/tzinfo/definitions/Pacific/Chatham.rb
${RUBY_SITELIBDIR}/tzinfo/definitions/Pacific/Easter.rb
${RUBY_SITELIBDIR}/tzinfo/definitions/Pacific/Efate.rb
${RUBY_SITELIBDIR}/tzinfo/definitions/Pacific/Enderbury.rb
${RUBY_SITELIBDIR}/tzinfo/definitions/Pacific/Fakaofo.rb
${RUBY_SITELIBDIR}/tzinfo/definitions/Pacific/Fiji.rb
${RUBY_SITELIBDIR}/tzinfo/definitions/Pacific/Funafuti.rb
${RUBY_SITELIBDIR}/tzinfo/definitions/Pacific/Galapagos.rb
${RUBY_SITELIBDIR}/tzinfo/definitions/Pacific/Gambier.rb
${RUBY_SITELIBDIR}/tzinfo/definitions/Pacific/Guadalcanal.rb
${RUBY_SITELIBDIR}/tzinfo/definitions/Pacific/Guam.rb
${RUBY_SITELIBDIR}/tzinfo/definitions/Pacific/Honolulu.rb
${RUBY_SITELIBDIR}/tzinfo/definitions/Pacific/Johnston.rb
${RUBY_SITELIBDIR}/tzinfo/definitions/Pacific/Kiritimati.rb
${RUBY_SITELIBDIR}/tzinfo/definitions/Pacific/Kosrae.rb
${RUBY_SITELIBDIR}/tzinfo/definitions/Pacific/Kwajalein.rb
${RUBY_SITELIBDIR}/tzinfo/definitions/Pacific/Majuro.rb
${RUBY_SITELIBDIR}/tzinfo/definitions/Pacific/Marquesas.rb
${RUBY_SITELIBDIR}/tzinfo/definitions/Pacific/Midway.rb
${RUBY_SITELIBDIR}/tzinfo/definitions/Pacific/Nauru.rb
${RUBY_SITELIBDIR}/tzinfo/definitions/Pacific/Niue.rb
${RUBY_SITELIBDIR}/tzinfo/definitions/Pacific/Norfolk.rb
${RUBY_SITELIBDIR}/tzinfo/definitions/Pacific/Noumea.rb
${RUBY_SITELIBDIR}/tzinfo/definitions/Pacific/Pago_Pago.rb
${RUBY_SITELIBDIR}/tzinfo/definitions/Pacific/Palau.rb
${RUBY_SITELIBDIR}/tzinfo/definitions/Pacific/Pitcairn.rb
${RUBY_SITELIBDIR}/tzinfo/definitions/Pacific/Ponape.rb
${RUBY_SITELIBDIR}/tzinfo/definitions/Pacific/Port_Moresby.rb
${RUBY_SITELIBDIR}/tzinfo/definitions/Pacific/Rarotonga.rb
${RUBY_SITELIBDIR}/tzinfo/definitions/Pacific/Saipan.rb
${RUBY_SITELIBDIR}/tzinfo/definitions/Pacific/Samoa.rb
${RUBY_SITELIBDIR}/tzinfo/definitions/Pacific/Tahiti.rb
${RUBY_SITELIBDIR}/tzinfo/definitions/Pacific/Tarawa.rb
${RUBY_SITELIBDIR}/tzinfo/definitions/Pacific/Tongatapu.rb
${RUBY_SITELIBDIR}/tzinfo/definitions/Pacific/Truk.rb
${RUBY_SITELIBDIR}/tzinfo/definitions/Pacific/Wake.rb
${RUBY_SITELIBDIR}/tzinfo/definitions/Pacific/Wallis.rb
${RUBY_SITELIBDIR}/tzinfo/definitions/Pacific/Yap.rb
${RUBY_SITELIBDIR}/tzinfo/definitions/Poland.rb
${RUBY_SITELIBDIR}/tzinfo/definitions/Portugal.rb
${RUBY_SITELIBDIR}/tzinfo/definitions/ROC.rb
${RUBY_SITELIBDIR}/tzinfo/definitions/ROK.rb
${RUBY_SITELIBDIR}/tzinfo/definitions/Singapore.rb
${RUBY_SITELIBDIR}/tzinfo/definitions/Turkey.rb
${RUBY_SITELIBDIR}/tzinfo/definitions/UCT.rb
${RUBY_SITELIBDIR}/tzinfo/definitions/US/Alaska.rb
${RUBY_SITELIBDIR}/tzinfo/definitions/US/Aleutian.rb
${RUBY_SITELIBDIR}/tzinfo/definitions/US/Arizona.rb
${RUBY_SITELIBDIR}/tzinfo/definitions/US/Central.rb
${RUBY_SITELIBDIR}/tzinfo/definitions/US/East__m__Indiana.rb
${RUBY_SITELIBDIR}/tzinfo/definitions/US/Eastern.rb
${RUBY_SITELIBDIR}/tzinfo/definitions/US/Hawaii.rb
${RUBY_SITELIBDIR}/tzinfo/definitions/US/Indiana__m__Starke.rb
${RUBY_SITELIBDIR}/tzinfo/definitions/US/Michigan.rb
${RUBY_SITELIBDIR}/tzinfo/definitions/US/Mountain.rb
${RUBY_SITELIBDIR}/tzinfo/definitions/US/Pacific.rb
${RUBY_SITELIBDIR}/tzinfo/definitions/US/Pacific__m__New.rb
${RUBY_SITELIBDIR}/tzinfo/definitions/US/Samoa.rb
${RUBY_SITELIBDIR}/tzinfo/definitions/UTC.rb
${RUBY_SITELIBDIR}/tzinfo/definitions/Universal.rb
${RUBY_SITELIBDIR}/tzinfo/definitions/WET.rb
${RUBY_SITELIBDIR}/tzinfo/definitions/W__m__SU.rb
${RUBY_SITELIBDIR}/tzinfo/definitions/Zulu.rb
${RUBY_SITELIBDIR}/tzinfo/indexes/countries.rb
${RUBY_SITELIBDIR}/tzinfo/indexes/timezones.rb
${RUBY_SITELIBDIR}/tzinfo/info_timezone.rb
${RUBY_SITELIBDIR}/tzinfo/linked_timezone.rb
${RUBY_SITELIBDIR}/tzinfo/linked_timezone_info.rb
${RUBY_SITELIBDIR}/tzinfo/offset_rationals.rb
${RUBY_SITELIBDIR}/tzinfo/time_or_datetime.rb
${RUBY_SITELIBDIR}/tzinfo/timezone.rb
${RUBY_SITELIBDIR}/tzinfo/timezone_definition.rb
${RUBY_SITELIBDIR}/tzinfo/timezone_index_definition.rb
${RUBY_SITELIBDIR}/tzinfo/timezone_info.rb
${RUBY_SITELIBDIR}/tzinfo/timezone_offset_info.rb
${RUBY_SITELIBDIR}/tzinfo/timezone_period.rb
${RUBY_SITELIBDIR}/tzinfo/timezone_proxy.rb
${RUBY_SITELIBDIR}/tzinfo/timezone_transition_info.rb
${RUBY_SITELIBDIR}/tzinfo/tzdataparser.rb
${RUBY_DOCDIR}/tzinfo/CHANGES
${RUBY_DOCDIR}/tzinfo/LICENSE
${RUBY_DOCDIR}/tzinfo/README
@dirrm ${RUBY_DOCDIR}/tzinfo
@dirrm ${RUBY_SITELIBDIR}/tzinfo/indexes
@dirrm ${RUBY_SITELIBDIR}/tzinfo/definitions/US
@dirrm ${RUBY_SITELIBDIR}/tzinfo/definitions/Pacific
@dirrm ${RUBY_SITELIBDIR}/tzinfo/definitions/Mideast
@dirrm ${RUBY_SITELIBDIR}/tzinfo/definitions/Mexico
@dirrm ${RUBY_SITELIBDIR}/tzinfo/definitions/Indian
@dirrm ${RUBY_SITELIBDIR}/tzinfo/definitions/Europe
@dirrm ${RUBY_SITELIBDIR}/tzinfo/definitions/Etc
@dirrm ${RUBY_SITELIBDIR}/tzinfo/definitions/Chile
@dirrm ${RUBY_SITELIBDIR}/tzinfo/definitions/Canada
@dirrm ${RUBY_SITELIBDIR}/tzinfo/definitions/Brazil
@dirrm ${RUBY_SITELIBDIR}/tzinfo/definitions/Australia
@dirrm ${RUBY_SITELIBDIR}/tzinfo/definitions/Atlantic
@dirrm ${RUBY_SITELIBDIR}/tzinfo/definitions/Asia
@dirrm ${RUBY_SITELIBDIR}/tzinfo/definitions/Arctic
@dirrm ${RUBY_SITELIBDIR}/tzinfo/definitions/Antarctica
@dirrm ${RUBY_SITELIBDIR}/tzinfo/definitions/America/North_Dakota
@dirrm ${RUBY_SITELIBDIR}/tzinfo/definitions/America/Kentucky
@dirrm ${RUBY_SITELIBDIR}/tzinfo/definitions/America/Indiana
@dirrm ${RUBY_SITELIBDIR}/tzinfo/definitions/America/Argentina
@dirrm ${RUBY_SITELIBDIR}/tzinfo/definitions/America
@dirrm ${RUBY_SITELIBDIR}/tzinfo/definitions/Africa
@dirrm ${RUBY_SITELIBDIR}/tzinfo/definitions
@dirrm ${RUBY_SITELIBDIR}/tzinfo
